variasi,formal
.net,.NET
DotNET,.NET
3ds Max,3ds Max
A/B Testing,A/B Testing
ABAP,ABAP
Access Control,Access Control
Active Directory,Active Directory
ActiveMQ,ActiveMQ
ADO,ADO.NET
ADO.NET,ADO.NET
Adobe Acrobat,Adobe Acrobat
Adobe Analytics,Adobe Analytics
Adobe Creative Cloud,Adobe Creative Cloud
Adobe Creative Suite,Adobe Creative Suite
Adobe Illustrator,Adobe Illustrator
Illustrator,Adobe Illustrator
Adobe Photoshop,Adobe Photoshop
Photoshop,Adobe Photoshop
Adobe XD,Adobe XD
AES,AES
A-Frame,A-Frame
Agile,Agile
Agile development methodologies,Agile
"Agile Methodologies (Scrum, Kanban)",Agile (Scrum/Kanban)
Agile Development,Agile Development
Agile Methodologies,Agile Methodology
Agile Methodology,Agile Methodology
AJAX,AJAX
CloudWatch,Amazon CloudWatch
DynamoDB,Amazon DynamoDB
Amazon EC2,Amazon EC2
EC2,Amazon EC2
Amazon Redshift,Amazon Redshift
Redshift,Amazon Redshift
S3,Amazon S3
SNS,Amazon SNS
SQS,Amazon SQS
Analytical Skills,Analytical Skills
Android,Android
Android SDK,Android SDK
Android Studio,Android Studio
Angular,Angular
Angular.js,AngularJS
AngularJS,AngularJS
Ansible,Ansible
Antivirus Software,Antivirus Software
Airflow,Apache Airflow
Apache Airflow,Apache Airflow
ANT,Apache Ant
Apache Beam,Apache Beam
Apache Cassandra,Apache Cassandra
Cassandra,Apache Cassandra
Apache Flink,Apache Flink
Flink,Apache Flink
Flume,Apache Flume
HBASE,Apache HBase
Hive,Apache Hive
Apache,Apache HTTP Server
Apache Kafka,Apache Kafka
Kafka,Apache Kafka
NiFi,Apache NiFi
Oozie,Apache Oozie
pig,Apache Pig
Apache Spark,Apache Spark
SPARK,Apache Spark
Spark SQL,Apache Spark
Sqoop,Apache Sqoop
Struts,Apache Struts
Apache Tomcat,Apache Tomcat
Tomcat,Apache Tomcat
Zookeeper,Apache ZooKeeper
API,API
Application Development,Application Development
ALM,Application Lifecycle Management
ARCore,ARCore
ARKit,ARKit
Arrays,Arrays
Artificial Intelligence,Artificial Intelligence
Asana,Asana
ASP.NET,ASP.NET
ASP.NET MVC,ASP.NET MVC
Assembly,Assembly
Asset Management,Asset Management
Autodesk Inventor,Autodesk Inventor
Maya,Autodesk Maya
automation,Automation
Autosys,AutoSys
AWS,AWS
Amazon AWS,AWS
Amazon Web Services,AWS
Amazon Web Services (AWS,AWS
AWS CloudFormation,AWS CloudFormation
CloudFormation,AWS CloudFormation
AWS Glue,AWS Glue
Glue,AWS Glue
AWS IAM,AWS IAM
IAM,AWS IAM
AWS Lambda,AWS Lambda
Lambda,AWS Lambda
Azure Active Directory,Azure Active Directory
Azure Cost Estimator,Azure Cost Estimator
Azure Data Factory,Azure Data Factory
Azure DevOps,Azure DevOps
Azure Functions,Azure Functions
AKS,Azure Kubernetes Service
Azure Migrate,Azure Migrate
Azure Monitor,Azure Monitor
Azure Resource Manager,Azure Resource Manager
Azure Site Recovery,Azure Site Recovery
Azure SQL,Azure SQL
Azure Virtual Network,Azure Virtual Network
Babel,Babel
Backup Exec,Backup Exec
Bamboo,Bamboo
BambooHR,BambooHR
BAPI,BAPI
Bash,Bash
Bayesian Optimization,Bayesian Optimization
BDD,BDD
Benefits Administration,Benefits Administration
BERT,BERT
BI,BI
Big Data,Big Data
Binance Smart Chain,Binance Smart Chain
Bit Bucket,Bitbucket
Bitbucket,Bitbucket
Blender,Blender
Bootstrap,Bootstrap
Bullet Physics,Bullet Physics
Burp Suite,Burp Suite
Business Analysis,Business Analysis
Business Analyst,Business Analysis
Business Intelligence,Business Intelligence
Business Objects,Business Objects
Business Requirements,Business Requirements
Byzantine Fault Tolerance,Byzantine Fault Tolerance
C#,C#
C++,C++
Case Management,Case Management
CCNA,CCNA
CD,CD
Centos,CentOS
Change Management,Change Management
CI/CD,CI/CD
CI/CD Pipelines,CI/CD
Continuous Integration,CI/CD
Circle CI,CircleCI
CircleCi,CircleCI
Cisco,Cisco
Clear Quest,ClearQuest
ClearCase,ClearCase
ClearQuest,ClearQuest
Clojure,Clojure
Cloud Computing,Cloud Computing
Cloud Migration,Cloud Computing
Cloud Security,Cloud Computing
Cloud Cost Optimization,Cloud Cost Optimization
Cloud Functions,Cloud Functions
Cloud Management,Cloud Management
Cloud Security Groups,Cloud Security Groups
Cloud Storage,Cloud Storage
Cloud Watch,Cloud Watch
CloudEndure,CloudEndure
CloudFront,CloudFront
CloudHub,CloudHub
CloudTrail,CloudTrail
COBOL,COBOL
Computer Science,Computer Science
Computer Vision,Computer Vision
Confidence Intervals,Confidence Intervals
Configuration Management,Configuration Management
Conflict Resolution,Conflict Resolution
Confluence,Confluence
Content Marketing,Content Marketing
Content Strategy,Content Strategy
Continuous Deployment,Continuous Deployment
Control-M,Control-M
Convolutional Neural Networks, CNN
Core Data,Core Data
Core Java,Core Java
Cost Estimation,Cost Estimation
Cost Explorer,Cost Explorer
Couchbase,Couchbase
CouchDB,CouchDB
Creative Writing,Creative Writing
CRM,CRM
Crystal Reports,Crystal Reports
CSS,CSS
CSS/CSS3,CSS/CSS3
CSS3,CSS3
Cucumber,Cucumber
Customer Service,Customer Service
CVS,CVS
CompTIA Security+,Cybersecurity
SIEM,Cybersecurity
Vulnerability Management,Cybersecurity
D3.js,D3.js
DAO,DAO
Data Analysis,Data Analysis
Data Conversion,Data Conversion
Data Encryption,Data Encryption
Data Lineage,Data Governance
data governance,Data Governance
Data Integration,Data Integration
data lakes,Data Lake
Data Management,Data Management
Data Migration,Data Migration
Data Mining,Data Mining
Data Modeling,Data Modeling
Dimensional Modeling,Data Modeling
data pipelines,Data Pipelines
Data Profiling,Data Profiling
Data cleaning,Data Quality
data quality,Data Quality
data validation,Data Quality
Data Synchronization,Data Synchronization
Data Visualization,Data Visualization
visualization,Data Visualization
Data Warehouse,Data Warehousing
Data Warehousing,Data Warehousing
Database Administration,Database Administration
Database Design,Database Design
Database Management,Database Management
DataWeave,DataWeave
DAX,DAX
DB,DB
DBA,DBA
DBT,dbt
DCGAN,DCGAN
Deep Learning,Deep Learning
Neural Networks,Deep Learning
Design Patterns,Design Patterns
Design Systems,Design Systems
DevOps,DevOps
DHCP,DHCP
DHTML,DHTML
Digital Marketing,Digital Marketing
Digital Media,Digital Media
Digital Signatures,Digital Signatures
Disaster Recovery,Disaster Recovery
Django,Django
DNS,DNS
Docker,Docker
Docker Compose,Docker
containerization,Docker
Docker Swarm,Docker Swarm
DOM,DOM
DOS,DOS
DTD,DTD
DTS,DTS
Dynamic Programming,Dynamic Programming
EBS,EBS
Eclipse,Eclipse
ECR,ECR
ECS,ECS
EDI,EDI
EFS,EFS
EJB,EJB
EKS,EKS
Elastic Search,Elasticsearch
Elasticsearch,Elasticsearch
ELB,ELB
ELK,ELK Stack
ELK Stack,ELK Stack
Elliptic Curve Cryptography,Elliptic Curve Cryptography
Email Marketing,Email Marketing
embedded systems,Embedded Systems
Employee Relations,Employee Relations
EMR,EMR
Entity Framework,Entity Framework
ERC-20,ERC-20
ERC-721,ERC-721
ERP,ERP
Erwin,erwin Data Modeler
ESB,ESB
Ethereum,Ethereum
Ethers.js,Ethers.js
ELT,ETL
ETL,ETL
ETL processes,ETL
Event Viewer,Event Viewer
Excellent Communication,Excellent Communication
Express,Express.js
Express.js,Express.js
ExpressJS,Express.js
F#,F#
Facebook Ads,Facebook Ads
feature engineering,Feature Engineering
FI,FI
FICO,FICO
Figma,Figma
Financial Accounting,Financial Accounting
FireBase,Firebase
Firebase Realtime Database,Firebase Realtime Database
Firewall,Firewall
Firewalls,Firewall
Firewall Configuration,Firewall Configuration
Flask,Flask
Flutter,Flutter
Flutter Framework,Flutter
Fortran,Fortran
Frostacre Global,Frostacre Global
FTP,FTP
Gazebo,Gazebo
GDPR,GDPR
General Ledger,General Ledger
Generative Adversarial Networks,Generative Adversarial Networks
GIS,GIS
Git,Git
Github,GitHub
GitLab,GitLab
GitLab CI/CD,GitLab CI/CD
GL,GL
Glassfish,GlassFish
Go Language,Go
GoLang,Go
Google Ads,Google Ads
Google Analytics,Google Analytics
Google Analytics Certification,Google Analytics Certification
BigQuery,Google BigQuery
Google BigQuery,Google BigQuery
Google Cloud Functions,Google Cloud Functions
Google Cloud Migration,Google Cloud Migration
Google Cloud Networking,Google Cloud Networking
GCP,Google Cloud Platform
Google Cloud,Google Cloud Platform
Google Cloud Platform,Google Cloud Platform
Google Cloud Storage,Google Cloud Storage
Google Data Studio,Google Data Studio
Google Docs,Google Docs
Google Suite,Google Suite
Google Tag Manager,Google Tag Manager
Google Workspace,Google Workspace
GPS,GPS
Gradle,Gradle
Grafana,Grafana
Graphic Design,Graphic Design
GraphQL,GraphQL
Graphs,Graphs
Great Plains,Great Plains
Greedy Algorithms,Greedy Algorithms
Grid Search,Grid Search
Groovy,Groovy
Group Policy,Group Policy
GUI,GUI
Apache Hadoop,Hadoop
Hadoop,Hadoop
Hash Functions,Hash Functions
HDFS,HDFS
Help Desk,Help Desk
Hibernate,Hibernate
HIPAA,HIPAA
Apache Hive,Hive
Hootsuite,Hootsuite
HP,HP
HP-UX,HP-UX
HQL,HQL
HR,HR
HTML,HTML
HTML/CSS,HTML/CSS
HTML5,HTML5
HTMLS,HTMLS
HTMLS5,HTMLS5
HTTP,HTTP
HTTPS,HTTPS
HubSpot,HubSpot
HubSpot Inbound Marketing Certification,HubSpot
Hugging Face Transformers,Hugging Face Transformers
Hyperledger Fabric,Hyperledger Fabric
Hyper-V,Hyper-V
IBM,IBM
AIX,IBM AIX
Cognos,IBM Cognos
DataStage,IBM DataStage
IBM Datastage,IBM DataStage
DB2,IBM DB2
IBM DB2,IBM DB2
WebSphere,IBM WebSphere
IDE,IDE
Identity and Access Management,Identity and Access Management
IDS,IDS
IIS,IIS
Image Segmentation,Image Segmentation
IMS,IMS
IMU,IMU
InDesign,InDesign
Informatica PowerCenter,Informatica PowerCenter
Information Architecture,Information Architecture
Information Security,Information Security
Information Systems,Information Systems
Information Technology,Information Technology
Instagram Ads,Instagram Ads
IntelliJ,IntelliJ IDEA
IntelliJ IDEA,IntelliJ IDEA
Interaction Design,Interaction Design
Intrusion Detection,Intrusion Detection
Inventory Management,Inventory Management
InVision,InVision
Ionic,Ionic
iOS,iOS
IP,IP
IPFS,IPFS
ISO,ISO
Itil,ITIL
Java,Java
Java programming,Java
Java 8,Java 8
Java Beans,Java Beans
Java Developer,Java Developer
J2EE,Java EE
Java EE,Java EE
Java Script,JavaScript
JavaScript,JavaScript
js,JavaScript
JAXB,JAXB
JAXP,JAXP
JAX-RS,JAX-RS
JAX-WS,JAX-WS
JBoss,JBoss/WildFly
JCL,JCL
JDBC,JDBC
Jenkins,Jenkins
JIRA,Jira
JMS,JMS
JNDI,JNDI
JPA,JPA
jQuery,jQuery
JSF,JSF
JSON,JSON
JSP,JSP
JSTL,JSTL
JSX,JSX
Junit,JUnit
Jupyter,Jupyter
Jupyter Notebook,Jupyter Notebook
Jupyter Notebooks,Jupyter Notebook
Kalman Filter,Kalman Filter
Kanban,Kanban
Karen Philips,Karen Philips
Keras,Keras
Kibana,Kibana
KNN,KNN
Kotlin,Kotlin
Helm,Kubernetes
Kubernetes,Kubernetes
KVM,KVM
LAN,LAN
Laravel,Laravel
Latex,LaTeX
LDAP,LDAP
LEAN,Lean
Less,Less
Life Cycle,Life Cycle
Linked Lists,Linked Lists
LINQ,LINQ
Linux,Linux
Litman Analytics,Litman Analytics
Load Balancers,Load Balancers
Load Balancing,Load Balancing
LoadRunner,LoadRunner
Logstash,Logstash
Lotus Notes,Lotus Notes
Lua,Lua
Machine Learning,Machine Learning
Mac OS,macOS
MacOS,macOS
Mailchimp,Mailchimp
Management Studio,Management Studio
Manual Testing,Manual Testing
Map Reduce,MapReduce
MapReduce,MapReduce
MariaDB,MariaDB
Market Research,Market Research
Material Design,Material Design
Materials Management,Materials Management
Matlab,MATLAB
Matplotlib,Matplotlib
Maven,Maven
McAfee,McAfee
MCP,MCP
MCSE,MCSE
Mercurial,Mercurial
Microservices,Microservices
Microservices architecture,Microservices
Microsoft 365,Microsoft 365
MS Access,Microsoft Access
Microsoft Access,Microsoft Access
access,Microsoft Access
Azure,Microsoft Azure
Microsoft Azure,Microsoft Azure
Microsoft Certified,Microsoft Certified
Excel,Microsoft Excel
Microsoft Excel,Microsoft Excel
Microsoft Exchange,Microsoft Exchange
MS Office,Microsoft Office
Microsoft Office,Microsoft Office
Microsoft Office Suite,Microsoft Office Suite
MS Outlook,Microsoft Outlook
Microsoft Outlook,Microsoft Outlook
Outlook,Microsoft Outlook
MS PowerPoint,Microsoft PowerPoint
powerpoint,Microsoft PowerPoint
Microsoft Project,Microsoft Project
Microsoft Teams,Microsoft Teams
MS Visio,Microsoft Visio
Microsoft Visio,Microsoft Visio
Visio,Microsoft Visio
Microsoft Windows,Microsoft Windows
Microsoft Word,Microsoft Word
Word,Microsoft Word
Microstrategy,MicroStrategy
MLOps,MLOps
MM,MM
MMC.,MMC.
Mobile Design,Mobile Design
Model Predictive Control,Model Predictive Control
Mongo,MongoDB
MongoDB,MongoDB
MPC,MPC
MPLS,MPLS
MQ,MQ
MS,MS
Ms Asp,Ms Asp
MS-DOS,MS-DOS
MS-SQL,MS-SQL
MuleSoft,MuleSoft
MVC,MVC
MVS,MVS
MyBatis,MyBatis
MySQL,MySQL
Nagios,Nagios
Named Entity Recognition,Named Entity Recognition
NAS,NAS
Natural Language Processing,NLP
NeoLoad,NeoLoad
NET,NET
NetBeans,NetBeans
Network Administration,Network Administration
Network Security,Network Security
Network Security Groups,Network Security Groups
Networking,Networking
Networking Devices,Networking Devices
New Relic,New Relic
NFS,NFS
Nginx,Nginx
NIST,NIST
NLP,NLP
NLTK,NLTK
Node,Node.js
Node.JS,Node.js
NodeJS,Node.js
NOSQL,NoSQL
NoSQL databases,NoSQL
NPM,NPM
NT,NT
NumPy,NumPy
NX-OS,NX-OS
OAuth,OAuth
OBIEE,OBIEE
Object Detection,Object Detection
Objective C,Objective-C
Objective-C,Objective-C
Oculus Quest,Oculus Quest
Oculus Rift,Oculus Rift
ODBC,ODBC
OLAP,OLAP
OLTP,OLTP
OOP,OOP
OOPS,OOPS
OpenCV,OpenCV
OpenShift,OpenShift
Red Hat Openshift,OpenShift
OpenStack,OpenStack
OpenZeppelin,OpenZeppelin
Operating System,Operating System
Operations Management,Operations Management
Oracle,Oracle
Oracle DB,Oracle
Oracle database,Oracle
AWR,Oracle AWR
Oracle Data Modeler,Oracle Data Modeler
Oracle Enterprise Manager,Oracle Enterprise Manager
Hyperion,Oracle Hyperion
Solaris,Oracle Solaris
WebLogic,Oracle WebLogic
OS,OS
OSPF,OSPF
Pandas,Pandas
PASSIONS,PASSIONS
PBX,PBX
PCI-DSS,PCI-DSS
Penetration Testing,Penetration Testing
Pentaho,Pentaho
PeopleSoft,PeopleSoft
Performance Management,Performance Management
Performance Tuning,Performance Tuning
Perl,Perl
PGP,PGP
PHP,PHP
PID,PID
Pivotal Tracker,Pivotal Tracker
PL/,PL/SQL
PL/SQL,PL/SQL
PLSQL,PL/SQL
Policy Gradient Methods,Policy Gradient Methods
POS,POS
PostgreSQL,PostgreSQL
Postgres,PostgreSQL
Postman,Postman
Power BI,Power BI
PowerBI,Power BI
Power Point,Power Point
Power Query,Power Query
PowerDesigner,PowerDesigner
PowerShell,PowerShell
PP,PP
Process Improvement,Process Improvement
Product Development,Product Development
Product Management,Product Management
Product Roadmap Development,Product Roadmapping
Product Roadmapping,Product Roadmapping
Program Management,Program Management
Prometheus,Prometheus
prototyping,prototyping
Puppet,Puppet
PVCS,PVCS
PyCharm,PyCharm
PySpark,PySpark
Python,Python
Python 3,Python
Python scripting,Python
Python Institute,Python Institute
PyTorch,PyTorch
PyUnit,PyUnit
QA,QA
Qlikview,QlikView
QTP,QTP
Quality Assurance,Quality Assurance
Quality Control,Quality Control
Query Analyzer,Query Analyzer
query optimization,Query Optimization
Query Tuning,Query Tuning
Queues,Queues
R Programming,R
RabbitMQ,RabbitMQ
RAC,RAC
RAD,RAD
Random Forest,Random Forest
Random Search,Random Search
Raspberry Pi,Raspberry Pi
Rational Rose,Rational Rose
RBAC,RBAC
RDBMS,RDBMS
Relational databases,RDBMS
RDS,RDS
React,React
React.JS,React
ReactJS,React
React Hooks,React Hooks
React Native,React Native
React Router,React Router
Recurrent Neural Networks,Recurrent Neural Networks
Red Hat,Red Hat
RHEL,Red Hat Enterprise Linux
Red Hat Enterprise Linux,Red Hat Enterprise Linux
Redis,Redis
AWS Redshift,Redshift
Redux,Redux
regression analysis,regression analysis
reinforcement learning,Reinforcement Learning
Relationship Management,Relationship Management
reporting,Reporting
reports,Reporting
Requirement Analysis,Requirement Analysis
Requirements Analysis,Requirement Analysis
Requirements Gathering,Requirements Gathering
Reserved Instances,Reserved Instances
Responsive Web Design,Responsive Web Design
API Design,REST API
APIs,REST API
REST,REST API
REST API,REST API
RESTful,REST API
RESTful APIs,REST API
Restful API,REST API
rest apis,REST API
Retail Sales,Retail Sales
RIP,RIP
Risk Assessment,Risk Assessment
Risk Management,Risk Management
RMAN,RMAN
RMI,RMI
Roadmap Development,Roadmap Development
robotics,Robotics
ROC-AUC,ROC-AUC
ROS,ROS
ROS2,ROS 2
Route Tables,Route Tables
RRT,RRT
RSA,RSA
R Studio,RStudio
Ruby,Ruby
Rails,Ruby on Rails
Ruby on Rails,Ruby on Rails
Salesforce,Salesforce
SaltStack,SaltStack
SAML,SAML
SAN,SAN
San Diego,San Diego
SAP,SAP
SARSA,SARSA
SAS,SAS
SASS,Sass
SAX,SAX
Scala,Scala
Scikit-learn,Scikit-learn
sklearn,Scikit-learn
SciPy,SciPy
SCOM,SCOM
Scrum,Scrum
SCSS,SCSS
SD,SD
SDLC,SDLC
SDLC processes,SDLC
Seaborn,Seaborn
Security Groups,Security Groups
Selenium,Selenium
Sentiment Analysis,Sentiment Analysis
SEO,SEO
ServiceNow,ServiceNow
SES,SES
SFTP,SFTP
Microsoft SharePoint,SharePoint
SharePoint,SharePoint
Shelinac Systems,Shelinac Systems
Shell Script,Shell Scripting
Shell Scripting,Shell Scripting
UNIX Shell Scripting,Shell Scripting
Unix Shell Script,Shell Scripting
shell scripts,Shell Scripting
Shopify,Shopify
Simulink,Simulink
Six Sigma,Six Sigma
Sketch,Sketch
SLA,SLA
Slack,Slack
SLAM,SLAM
SMS,SMS
SMTP,SMTP
Snowflake,Snowflake
SOA,SOA
SOAP,SOAP
Social Media Marketing,Social Media Marketing
Software Development,Software Development
Software Engineering,Software Engineering
Software Testing,Software Testing
SOL,SOL
SolarWinds,SolarWinds
Solidity,Solidity
SolidWorks,SolidWorks
SonarQube,SonarQube
SP,SP
Spark Streaming,Spark Streaming
Splunk,Splunk
Spot Instances,Spot Instances
Spring,Spring
Spring Boot,Spring Boot
Spring Framework,Spring Framework
Spring MVC,Spring MVC
SPSS,SPSS
SQL,SQL
SQL Queries,SQL
SQL development,SQL
Structured Query Language,SQL
Structured Query Language (SQL),SQL
MS SQL Server,SQL Server
MSSQL,SQL Server
Microsoft SQL Server,SQL Server
SQL Server,SQL Server
SQL Server Management Studio,SQL Server
SQL.,SQL
SQLite,SQLite
SRM,SRM
SSAS,SSAS
SSH,SSH
SSIS,SSIS
SSL,SSL/TLS
SSL/TLS,SSL/TLS
SSMS,SSMS
SSRS,SSRS
Stable Baselines,Stable Baselines
Stacks,Stacks
statistical analysis,Statistics
Hypothesis testing,Statistics
Statistics,Statistics
Stored Procedures,Stored Procedures
STP,STP
Strategic Planning,Strategic Planning
Studio,Studio
Sublime text,Sublime Text
Substance Painter,Substance Painter
Sun Solaris,Sun Solaris
Supply Chain,Supply Chain
SVM,SVM
SVN,SVN
Subversion,SVN
Swift,Swift
System Administrator,System Administrator
System Design,System Design
System Integration,System Integration
Tableau,Tableau
Talend,Talend
TCP,TCP/IP
TCP/IP,TCP/IP
TDD,TDD
TeamCity,TeamCity
Technical Support,Technical Support
Technical Writing,Technical Writing
TensorFlow,TensorFlow
Teradata,Teradata
Terraform,Terraform
Automated Testing,Test Automation
Test Case Development,Test Case Development
Test Director,Test Director
Test Plans,Test Plans
TestLink,TestLink
TestNG,TestNG
TestRail,TestRail
TFS,TFS
time series analysis,Time Series Analysis
TOAD,TOAD
TradeGecko,TradeGecko
Training and development,Training and development
Travis CI,Travis CI
Trees,Trees
Trello,Trello
Truffle Suite,Truffle Suite
T-SQL,T-SQL
TSQL,T-SQL
Transact-SQL,T-SQL
TypeScript,TypeScript
Ubuntu,Ubuntu
UDP,UDP
Ui,UI Design
UIKit,UIKit
UML,UML
Unity,Unity
Unity Editor,Unity Editor
Unity Scripting,Unity Scripting
UnityScript,UnityScript
UNIX,UNIX
Linux/Unix,Unix/Linux
UNIX/LINUX,Unix/Linux
Unreal Engine,Unreal Engine
Usability Testing,Usability Testing
USAF,USAF
User Interface,User Interface
User Research,User Research
UserTesting,UserTesting
UX,UX Design
UX/UI,UX/UI Design
Vagrant,Vagrant
Variational Autoencoders,Variational Autoencoders
VB,VB
VB.NET,VB.NET
VBA,VBA
VDC,VDC
Vendor Management,Vendor Management
Version Control,Version Control
VirtualBox,VirtualBox
Visual Basic,Visual Basic
Visual Basic 6.0,Visual Basic 6.0
Visual Studio,Visual Studio
VS Code,VSC
Visual Studio Code,VSC
VLAN,VLAN
VMWare,VMware
VOIP,VOIP
VPC,VPC
VPN,VPN
VSS,VSS
VUE,Vue.js
Vue.js,Vue.js
Vuejs,Vue.js
Vulnerability Assessment,Vulnerability Assessment
WAN,WAN
wcag 2.1,wcag 2.1
wcag 2.1 guidelines,wcag 2.1 guidelines
WCF,WCF
Web Design,Web Design
Web Designer,Web Design
Web Development,Web Development
Web Services,Web Services
Web Storm,Web Storm
Web3.js,Web3.js
Webpack,Webpack
WebStorm,WebStorm
WGAN,WGAN
What Users Do,What Users Do
Windows,Windows
Windows 10,Windows 10
Windows 7,Windows 7
Windows Server,Windows Server
"Operating Systems (Windows, Linux, macOS)",Windows/Linux/macOS
wireframing,wireframing
WM,WM
WooCommerce,WooCommerce
WordPress,WordPress
Workday,Workday
Worx History,Worx History
WPF,WPF
WSDL,WSDL
Xcode,Xcode
XHTML,XHTML
XML,XML
XP,XP
XPATH,XPath
XQuery,XQuery
XSD,XSD
XSL,XSL
XSLT,XSLT
YAML,YAML
Zendesk,Zendesk
Zoho Inventory,Zoho Inventory
